{
  "version": 1,
  "author": "Pedro Rezende",
  "editor": "wokwi",
  "parts": [
    { "type": "board-esp32-s3-devkitc-1", "id": "esp", "top": 0, "left": 0, "attrs": {} },
    {
      "type": "wokwi-led",
      "id": "led1",
      "top": 30.75,
      "left": -102.24,
      "attrs": { "color": "limegreen" }
    },
    {
      "type": "wokwi-led",
      "id": "led2",
      "top": 100.24,
      "left": -120.52,
      "attrs": { "color": "red" }
    }
  ],
  "connections": [
    [ "esp:TX", "$serialMonitor:RX", "", [] ],
    [ "esp:RX", "$serialMonitor:TX", "", [] ],
    [ "led1:A", "esp:17", "green", [ "v0" ] ],
    [ "led2:A", "esp:18", "green", [ "h19.64", "v-18.55" ] ],
    [ "led1:C", "esp:GND.1", "black", [ "h1.37", "v157.83" ] ],
    [ "led2:C", "esp:GND.1", "black", [ "v0" ] ]
  ],
  "dependencies": {}
}