{
  "version": 1,
  "author": "Pedro Rezende",
  "editor": "wokwi",
  "parts": [
    { "type": "wokwi-esp32-devkit-v1", "id": "esp", "top": 0, "left": 0, "attrs": {} },
    {
      "type": "wokwi-led",
      "id": "led1",
      "top": 22.66,
      "left": 215.8,
      "attrs": { "color": "blue" }
    },
    {
      "type": "wokwi-pushbutton",
      "id": "btn1",
      "top": 26.3,
      "left": -169.58,
      "attrs": { "color": "blue" }
    },
    {
      "type": "wokwi-led",
      "id": "led2",
      "top": 10.12,
      "left": 180.89,
      "attrs": { "color": "yellow" }
    },
    {
      "type": "wokwi-led",
      "id": "led3",
      "top": -6.08,
      "left": 150.7,
      "attrs": { "color": "red" }
    },
    {
      "type": "wokwi-led",
      "id": "led4",
      "top": 28.43,
      "left": 251.43,
      "attrs": { "color": "limegreen" }
    },
    {
      "type": "wokwi-pushbutton",
      "id": "btn2",
      "top": -54.36,
      "left": -110.01,
      "attrs": { "color": "green" }
    },
    {
      "type": "wokwi-photoresistor-sensor",
      "id": "ldr1",
      "top": 173.76,
      "left": -241.37,
      "attrs": {}
    },
    {
      "type": "wokwi-buzzer",
      "id": "bz1",
      "top": -98.23,
      "left": 20.85,
      "attrs": { "volume": "0.1" }
    }
  ],
  "connections": [
    [ "esp:TX0", "$serialMonitor:RX", "", [] ],
    [ "esp:RX0", "$serialMonitor:TX", "", [] ],
    [ "bz1:2", "esp:D23", "violet", [ "h75.34", "v40.23" ] ],
    [ "bz1:1", "esp:GND.1", "green", [ "v0" ] ],
    [ "led3:A", "esp:D21", "red", [ "v0" ] ],
    [ "led2:A", "esp:D19", "gold", [ "v0" ] ],
    [ "led1:A", "esp:D18", "cyan", [ "v0" ] ],
    [ "led4:A", "esp:D5", "limegreen", [ "v0" ] ],
    [ "led3:C", "esp:GND.1", "green", [ "v0" ] ],
    [ "led2:C", "esp:GND.1", "green", [ "v0" ] ],
    [ "led1:C", "esp:GND.1", "green", [ "v0" ] ],
    [ "led4:C", "esp:GND.1", "green", [ "v0" ] ],
    [ "ldr1:GND", "esp:GND.2", "black", [ "h0" ] ],
    [ "ldr1:VCC", "esp:VIN", "red", [ "h0" ] ],
    [ "ldr1:AO", "esp:D14", "blue", [ "h88.96", "v-99.26" ] ],
    [ "btn2:2.r", "esp:GND.2", "green", [ "h22.69", "v128.33" ] ],
    [ "btn1:2.r", "esp:GND.2", "green", [ "h0" ] ],
    [ "btn2:1.l", "esp:D33", "magenta", [ "h0" ] ],
    [ "btn1:1.l", "esp:D32", "gold", [ "v50.8", "h174.58" ] ]
  ]
}